Date,Time,震央地名,Lat,Long,Depth,M,最大震度
12/31/1994,22:50:22,岩手県沖,40°10.8'N,142°41.2'E,24,5.8,震度３
12/31/1994,21:43:36,北海道南西沖,42°05.6'N,139°20.3'E,14,3.5,震度３
12/31/1994,1:57:11,岩手県沖,40°20.9'N,142°16.0'E,44,3.5,震度１
12/30/1994,20:17:32,青森県東方沖,40°36.3'N,142°29.9'E,24,4.4,震度１
12/30/1994,13:48:05,茨城県南部,36°07.2'N,139°45.6'E,127,4.2,震度２
12/30/1994,12:09:41,青森県東方沖,40°44.1'N,142°05.0'E,55,3.8,震度１
12/30/1994,3:08:38,北海道東方沖,43°28.0'N,147°13.1'E,28,4.9,震度１
12/30/1994,0:29:29,青森県東方沖,40°44.0'N,142°10.8'E,53,5.6,震度４
12/29/1994,7:54:45,三陸沖,40°15.7'N,143°53.9'E,0,5.9,震度１
12/29/1994,7:37:49,三陸沖,40°19.1'N,143°48.7'E,8,6.5,震度２
12/29/1994,7:36:08,岩手県沖,40°18.5'N,142°27.1'E,27,5.2,震度２
12/29/1994,6:29:50,岩手県沖,40°05.1'N,142°57.5'E,0,5.2,震度２
12/29/1994,6:01:09,岩手県沖,40°07.0'N,142°54.3'E,23,4.7,震度１
12/29/1994,5:52:26,岩手県沖,40°07.0'N,143°01.2'E,0,6.5,震度３
12/29/1994,5:44:32,岩手県沖,40°22.4'N,143°00.9'E,0,4.5,震度１
12/29/1994,3:16:06,三陸沖,40°02.7'N,143°34.4'E,0,5.8,震度２
12/29/1994,0:49:38,三陸沖,40°16.6'N,143°11.6'E,0,4.9,震度１
12/28/1994,22:40:21,三陸沖,40°03.8'N,143°33.6'E,0,5,震度１
12/28/1994,22:35:22,岩手県沖,40°18.4'N,142°28.8'E,28,4.5,震度１
12/28/1994,21:47:13,青森県東方沖,40°36.4'N,142°26.6'E,25,5.2,震度２
12/28/1994,21:41:27,三陸沖,40°14.5'N,143°27.5'E,1,5,震度２
12/28/1994,21:29:19,三陸沖,40°24.4'N,143°45.8'E,0,5.8,震度２
12/28/1994,21:25:49,三陸沖,40°26.2'N,143°41.7'E,32,6,震度１
12/28/1994,21:19:21,三陸沖,40°25.8'N,143°44.7'E,0,7.6,震度６
12/28/1994,20:14:31,長崎県島原半島,32°45.3'N,130°17.9'E,0,1.8,震度１
12/27/1994,22:41:29,和歌山県北部,34°13.9'N,135°09.2'E,13,2.1,震度１
12/27/1994,1:40:52,北海道南西沖,42°06.5'N,139°21.9'E,13,3,震度１
12/26/1994,22:49:26,国後島付近,44°12.9'N,146°26.1'E,163,4.4,震度１
12/26/1994,22:00:28,長野県北部,36°35.8'N,138°15.6'E,6,2.3,震度１
12/25/1994,13:46:25,遠州灘,34°24.1'N,137°33.4'E,312,4.8,震度１
12/24/1994,16:08:50,西表島付近,24°21.6'N,123°54.8'E,13,3.2,震度１
12/23/1994,6:29:28,伊勢湾,34°43.1'N,136°51.3'E,42,4.6,震度３
12/22/1994,9:59:09,北海道南西沖,41°52.0'N,138°53.2'E,35,4.7,震度２
12/21/1994,10:09:44,茨城県沖,36°21.8'N,141°04.1'E,46,4.1,震度２
12/21/1994,0:00:06,岩手県内陸南部,39°27.8'N,141°14.1'E,89,4.9,震度４
12/20/1994,14:16:57,北海道東方沖,43°33.4'N,147°37.4'E,15,5.2,震度１
12/20/1994,14:09:36,福島県会津,37°18.6'N,139°52.1'E,13,3.6,震度１
12/19/1994,15:54:08,東京都多摩西部,35°50.2'N,139°11.8'E,15,4.6,震度３
12/19/1994,14:16:32,新潟県下越地方,37°52.6'N,139°16.1'E,12,4.1,震度２
12/19/1994,7:52:08,神奈川県西部,35°19.7'N,139°02.3'E,10,3.6,震度１
12/19/1994,0:15:39,福島県会津,37°19.0'N,139°53.0'E,8,3.5,震度１
12/18/1994,21:51:57,福島県会津,37°17.6'N,139°54.7'E,6,4.9,震度３
12/18/1994,20:27:21,栃木県北部,36°39.3'N,139°27.9'E,9,2.6,震度１
12/18/1994,20:07:34,福島県会津,37°17.7'N,139°53.5'E,6,5.5,震度４
12/17/1994,8:16:12,西表島付近,24°21.8'N,123°55.1'E,14,3.9,震度２
12/16/1994,12:07:42,宮古島近海,25°06.5'N,125°01.1'E,28,3.8,震度３
12/15/1994,23:53:27,能登半島沖,37°45.5'N,137°23.6'E,27,3.7,震度１
12/15/1994,14:59:00,栃木県北部,36°42.2'N,139°29.5'E,11,2.5,震度１
12/15/1994,13:50:09,宮古島近海,25°12.7'N,125°08.0'E,20,4.2,震度２
12/14/1994,15:36:11,北海道東方沖,43°24.0'N,147°23.3'E,7,5.4,震度１
12/13/1994,17:29:17,西表島付近,24°25.7'N,123°48.1'E,2,2.7,震度３
12/13/1994,9:50:53,与那国島近海,24°12.9'N,122°30.0'E,63,5.1,震度１
12/13/1994,6:35:48,北海道南西沖,41°53.7'N,139°17.7'E,23,3.5,震度１
12/12/1994,11:07:41,栃木県北部,36°38.4'N,139°29.3'E,3,3,震度１
12/12/1994,7:42:07,栃木県北部,36°39.4'N,139°29.6'E,11,3.4,震度３
12/11/1994,12:43:32,北海道南西沖,42°30.4'N,139°12.1'E,38,4.8,震度２
12/10/1994,18:49:12,千葉県東方沖,35°39.4'N,140°41.4'E,54,4.4,震度１
12/10/1994,18:26:43,宮城県沖,38°17.4'N,142°11.5'E,48,5.3,震度３
12/10/1994,12:56:12,北海道東方沖,43°31.6'N,147°20.4'E,43,4.6,震度１
12/10/1994,7:48:20,浦河沖,41°57.1'N,142°16.9'E,65,4.7,震度２
12/9/1994,16:50:04,紀伊水道,34°13.2'N,135°08.0'E,10,3.4,震度２
12/9/1994,3:47:08,北海道東方沖,43°39.3'N,147°17.6'E,38,4.7,震度１
12/9/1994,1:44:26,新島・神津島近海,34°11.4'N,139°11.5'E,9,4.2,震度４
12/8/1994,18:13:51,千葉県南東沖,34°42.8'N,140°02.9'E,86,4.3,震度２
12/7/1994,11:34:27,千葉県北西部,35°54.2'N,139°57.3'E,117,4,震度１
12/6/1994,7:35:50,千葉県北西部,35°43.0'N,140°00.4'E,60,3.9,震度２
12/6/1994,6:10:01,茨城県沖,36°06.9'N,141°17.1'E,34,4.4,震度１
12/6/1994,3:24:57,根室半島南東沖,43°05.1'N,146°22.9'E,47,4.5,震度１
12/6/1994,1:22:21,根室半島南東沖,43°15.8'N,146°39.5'E,40,4.8,震度１
12/5/1994,23:02:00,詳細不明,27°05.0'N,142°12.0'E,0,不明,震度１
12/5/1994,16:13:57,栃木県北部,36°43.3'N,139°26.0'E,12,1.9,震度１
12/5/1994,7:53:06,北海道南西沖,42°25.7'N,139°16.8'E,1,3.8,震度１
12/5/1994,2:21:26,釧路沖,41°59.3'N,144°59.9'E,50,4.6,震度２
12/4/1994,9:32:53,和歌山県北部,34°13.7'N,135°14.1'E,6,2.3,震度１
12/3/1994,14:52:04,岩手県内陸南部,39°27.3'N,141°16.6'E,122,3.6,震度１
12/3/1994,14:31:06,宮城県沖,38°45.6'N,141°33.4'E,106,3.7,震度１
12/3/1994,4:17:05,伊豆半島東方沖,34°53.8'N,139°18.9'E,14,4,震度２
12/2/1994,14:58:25,栃木県北部,36°49.8'N,139°25.3'E,9,4,震度２
12/1/1994,10:49:23,和歌山県北部,33°56.3'N,135°20.3'E,62,3.6,震度１
11/30/1994,10:40:16,宮城県沖,38°51.1'N,142°23.8'E,48,4.6,震度２
11/30/1994,10:06:41,十勝地方中部,42°51.7'N,143°07.9'E,116,4.5,震度２
11/28/1994,16:19:19,長野県北部,36°32.0'N,138°07.5'E,11,2.3,震度１
11/26/1994,20:17:36,台湾付近,24°33.8'N,122°11.1'E,39,5,震度１
11/26/1994,5:43:03,神奈川県西部,35°11.0'N,139°08.3'E,6,2.8,震度１
11/25/1994,14:41:56,天草灘,32°26.1'N,129°47.5'E,12,3.5,震度１
11/25/1994,5:22:07,沖縄本島近海,26°07.1'N,126°35.5'E,65,3.3,震度１
11/24/1994,18:55:53,北海道東方沖,43°41.1'N,147°11.1'E,47,5,震度１
11/24/1994,15:01:09,長野県中部,36°23.7'N,138°34.2'E,14,2.3,震度１
11/24/1994,14:30:44,釧路沖,42°54.5'N,144°52.1'E,59,3.8,震度１
11/24/1994,9:56:31,釧路沖,42°31.9'N,144°22.9'E,80,4,震度３
11/23/1994,17:34:51,千葉県東方沖,35°42.9'N,141°05.5'E,39,3.9,震度１
11/23/1994,13:04:52,北海道東方沖,43°30.3'N,147°18.6'E,53,5.1,震度１
11/22/1994,20:12:00,北海道東方沖,43°40.3'N,147°12.8'E,44,5.8,震度３
11/21/1994,21:45:10,岩手県沿岸北部,39°36.9'N,142°01.0'E,59,3.5,震度１
11/21/1994,20:55:34,根室半島南東沖,42°56.2'N,145°34.3'E,55,5.2,震度３
11/21/1994,1:34:44,北海道東方沖,43°22.8'N,147°11.0'E,41,4.9,震度１
11/20/1994,17:30:14,根室半島南東沖,43°02.1'N,146°49.3'E,49,4.9,震度１
11/20/1994,17:22:11,岐阜県美濃中西部,35°26.0'N,136°53.1'E,15,4.6,震度３
11/20/1994,6:46:53,根室半島南東沖,43°02.5'N,146°47.6'E,44,5.4,震度２
11/19/1994,17:29:03,福島県沖,37°02.1'N,141°34.2'E,44,4.3,震度２
11/19/1994,3:38:45,紀伊水道,33°47.2'N,134°39.7'E,50,3.5,震度１
11/19/1994,0:47:28,北海道東方沖,43°21.4'N,147°22.8'E,31,5.2,震度１
11/17/1994,23:33:41,茨城県沖,36°44.5'N,141°19.7'E,44,3.9,震度１
11/17/1994,16:15:48,大阪府南部,34°17.4'N,135°10.5'E,13,2.4,震度１
11/17/1994,15:07:57,八丈島近海,33°32.2'N,139°28.5'E,14,4.6,震度１
11/16/1994,22:07:06,伊豆半島東方沖,34°51.6'N,139°14.1'E,1,4,震度２
11/16/1994,11:25:38,大隅半島東方沖,31°04.9'N,131°30.0'E,38,3.7,震度１
11/16/1994,11:22:36,千葉県東方沖,35°48.3'N,140°48.2'E,31,4.1,震度３
11/16/1994,9:40:33,千葉県南東沖,34°52.3'N,139°46.9'E,45,3.4,震度２
11/15/1994,16:21:22,オホーツク海南部,44°41.8'N,145°20.8'E,262,4.3,震度１
11/15/1994,7:25:26,台湾付近,24°19.7'N,122°21.0'E,62,4.5,震度１
11/14/1994,11:17:35,福岡県筑後地方,33°19.5'N,130°50.1'E,10,3.5,震度２
11/13/1994,5:24:56,新島・神津島近海,34°29.5'N,139°04.6'E,3,4.1,震度２
11/11/1994,1:35:56,関東東方沖,35°53.4'N,142°21.5'E,44,4.9,震度１
11/10/1994,22:57:42,北海道南西沖,42°04.3'N,139°11.6'E,14,3.4,震度１
11/10/1994,9:25:25,北海道東方沖,43°11.3'N,146°47.4'E,35,4.9,震度１
11/10/1994,3:21:06,北海道東方沖,43°16.1'N,147°02.9'E,56,5.8,震度２
11/10/1994,0:38:17,兵庫県南東部,34°55.5'N,135°22.6'E,11,4.2,震度２
11/9/1994,20:26:55,兵庫県南東部,34°55.6'N,135°23.1'E,13,4.2,震度１
11/9/1994,12:21:15,北海道東方沖,43°23.6'N,146°40.2'E,58,4.9,震度２
11/9/1994,3:47:34,新島・神津島近海,34°29.2'N,139°04.6'E,1,4.5,震度２
11/8/1994,23:48:08,奈良県,34°19.9'N,135°42.3'E,75,4.5,震度２
11/8/1994,18:22:04,三宅島近海,33°39.6'N,139°22.5'E,34,5.1,震度１
11/7/1994,22:03:45,北海道東方沖,43°34.7'N,147°11.6'E,54,5.1,震度１
11/6/1994,4:46:41,国後島付近,43°38.2'N,145°55.8'E,39,3.7,震度１
11/5/1994,11:03:05,奄美大島近海,28°20.5'N,129°24.1'E,34,3.1,震度２
11/5/1994,7:20:15,和歌山県北部,34°01.9'N,135°26.1'E,63,3.5,震度１
11/5/1994,2:49:27,八丈島東方沖,32°41.4'N,140°38.9'E,66,4.5,震度１
11/4/1994,20:18:10,千葉県北西部,35°34.0'N,140°10.2'E,77,4.1,震度１
11/4/1994,19:06:26,茨城県南部,36°03.3'N,139°54.6'E,56,4.7,震度３
11/4/1994,16:17:41,伊予灘,33°33.6'N,132°25.0'E,49,4.3,震度２
11/3/1994,20:18:49,北海道東方沖,43°06.9'N,147°17.2'E,46,4.9,震度１
11/1/1994,17:08:12,紀伊水道,34°06.7'N,135°06.3'E,10,3.8,震度１
11/1/1994,14:20:33,浦河沖,41°57.4'N,142°18.3'E,65,4.2,震度１
11/1/1994,9:28:05,北海道東方沖,43°23.0'N,146°34.1'E,49,4.7,震度１
10/31/1994,7:30:29,奄美大島北西沖,28°26.2'N,128°15.5'E,122,4.4,震度１
10/30/1994,15:45:02,日向灘,31°48.7'N,131°55.2'E,34,3.3,震度１
10/30/1994,13:20:13,根室半島南東沖,43°05.1'N,146°14.2'E,42,4.1,震度２
10/29/1994,23:43:07,千葉県南東沖,34°52.5'N,140°43.1'E,71,4.9,震度２
10/29/1994,20:58:56,栃木県北部,36°38.9'N,139°28.2'E,12,2.1,震度１
10/29/1994,16:39:53,茨城県南部,36°01.7'N,140°03.7'E,59,3.1,震度１
10/29/1994,13:30:22,与那国島近海,23°52.2'N,123°21.8'E,30,4.9,震度２
10/29/1994,8:51:12,台湾付近,24°36.0'N,122°16.9'E,37,5.8,震度２
10/29/1994,5:49:23,根室半島南東沖,43°13.6'N,146°44.6'E,32,4.8,震度１
10/26/1994,22:52:35,北海道東方沖,43°30.1'N,147°12.3'E,34,4.8,震度１
10/26/1994,3:50:58,北海道東方沖,43°05.5'N,147°03.4'E,41,5.1,震度１
10/25/1994,22:30:27,北海道東方沖,43°32.5'N,147°35.1'E,5,5.3,震度１
10/25/1994,16:18:41,奄美大島近海,27°21.8'N,129°23.6'E,8,5.1,震度１
10/25/1994,15:06:18,静岡県東部,35°10.9'N,138°59.0'E,4,4.9,震度４
10/25/1994,4:26:29,根室半島南東沖,42°56.2'N,146°55.5'E,50,5.5,震度２
10/24/1994,16:20:12,北海道東方沖,43°30.1'N,147°09.0'E,33,4.8,震度１
10/24/1994,11:51:05,京都府南部,35°00.1'N,135°30.3'E,15,4.5,震度３
10/24/1994,9:24:45,北海道東方沖,43°05.2'N,147°47.4'E,18,5.2,震度１
10/23/1994,16:57:43,根室半島南東沖,43°04.5'N,146°48.2'E,42,4.9,震度１
10/23/1994,14:33:24,和歌山県北部,34°13.8'N,135°14.3'E,5,3,震度１
10/23/1994,9:14:47,根室半島南東沖,43°24.4'N,146°29.4'E,74,4.4,震度１
10/23/1994,9:11:40,和歌山県北部,34°15.9'N,135°10.8'E,9,2.4,震度１
10/22/1994,3:22:41,静岡県東部,35°10.9'N,138°58.8'E,2,3.5,震度１
10/22/1994,1:30:45,北海道東方沖,43°29.8'N,147°23.6'E,25,不明,震度１
10/21/1994,4:47:01,根室半島南東沖,43°04.2'N,146°49.1'E,43,4.6,震度１
10/20/1994,16:52:24,福島県沖,37°01.6'N,141°34.7'E,47,4.1,震度１
10/19/1994,22:51:40,和歌山県北部,34°13.7'N,135°09.7'E,5,2.7,震度２
10/19/1994,8:47:06,根室半島南東沖,43°04.5'N,146°16.5'E,45,4.3,震度１
10/19/1994,7:08:28,根室半島南東沖,43°06.4'N,146°16.3'E,45,3.6,震度１
10/19/1994,2:12:54,北海道東方沖,43°19.6'N,147°03.1'E,66,6,震度３
10/19/1994,0:01:23,能登半島沖,37°42.1'N,137°22.2'E,28,4.4,震度１
10/18/1994,19:43:01,北海道東方沖,43°11.5'N,147°08.0'E,49,5.3,震度１
10/18/1994,2:03:26,北海道東方沖,43°18.7'N,146°53.6'E,63,5.1,震度２
10/17/1994,22:59:15,釧路沖,42°20.9'N,144°44.3'E,33,4.2,震度２
10/17/1994,22:55:03,北海道東方沖,43°13.2'N,146°50.6'E,41,5.1,震度１
10/17/1994,19:17:46,千葉県北西部,35°36.9'N,140°13.1'E,77,3.6,震度１
10/17/1994,18:22:23,千葉県北西部,35°37.2'N,140°13.8'E,79,4.1,震度１
10/17/1994,3:41:32,北海道東方沖,43°34.2'N,147°17.4'E,50,5.2,震度１
10/16/1994,14:10:08,択捉島南東沖,44°57.8'N,149°04.7'E,144,6.6,震度３
10/16/1994,8:36:00,和歌山県北部,34°13.8'N,135°14.9'E,6,2.3,震度１
10/16/1994,8:21:07,和歌山県北部,34°13.1'N,135°13.8'E,6,4.6,震度４
10/16/1994,7:41:35,根室半島南東沖,42°50.1'N,146°10.7'E,25,4.5,震度１
10/16/1994,7:13:29,北海道東方沖,43°11.0'N,146°53.8'E,42,4.4,震度１
10/16/1994,6:06:15,能登半島沖,37°39.0'N,137°13.7'E,27,3.5,震度１
10/16/1994,1:16:08,熊本県熊本地方,32°51.5'N,130°51.4'E,14,2.8,震度１
10/15/1994,19:45:29,沖縄本島北西沖,26°50.7'N,126°27.6'E,0,4.3,震度１
10/15/1994,19:43:06,沖縄本島北西沖,26°45.8'N,126°26.5'E,20,4.1,震度１
10/15/1994,18:39:48,沖縄本島北西沖,26°51.8'N,126°27.1'E,2,4.1,震度２
10/15/1994,12:53:55,瀬戸内海中部,34°20.2'N,133°24.0'E,12,3.8,震度２
10/15/1994,5:08:11,北海道東方沖,43°09.7'N,147°00.1'E,55,5.2,震度１
10/14/1994,21:58:23,青森県東方沖,41°20.6'N,143°10.8'E,58,4.1,震度１
10/14/1994,9:25:12,福井県沖,36°09.4'N,136°02.4'E,7,3.4,震度２
10/14/1994,1:22:59,根室半島南東沖,43°06.0'N,146°25.9'E,47,4.7,震度１
10/13/1994,23:48:14,根室半島南東沖,42°54.2'N,146°47.5'E,49,4.7,震度１
10/13/1994,21:09:42,北海道東方沖,43°32.9'N,147°18.5'E,37,4.5,震度１
10/13/1994,21:03:20,北海道東方沖,43°13.1'N,146°51.7'E,32,5.2,震度１
10/13/1994,11:53:20,青森県東方沖,41°28.1'N,142°02.1'E,67,4.3,震度１
10/12/1994,18:50:47,北海道東方沖,43°14.7'N,146°50.2'E,37,4.9,震度１
10/12/1994,15:31:25,北海道東方沖,43°27.6'N,147°13.9'E,37,5.1,震度１
10/12/1994,8:21:08,和歌山県北部,34°12.9'N,135°09.3'E,6,2.5,震度１
10/12/1994,2:55:14,北海道東方沖,43°02.7'N,147°14.0'E,38,4.9,震度１
10/11/1994,21:00:16,根室半島南東沖,42°57.8'N,146°59.4'E,39,4.9,震度１
10/11/1994,20:28:59,根室半島南東沖,43°09.8'N,146°35.0'E,54,4.7,震度１
10/11/1994,16:48:01,根室半島南東沖,43°20.3'N,146°05.5'E,58,3.7,震度１
10/11/1994,10:45:24,奄美大島近海,27°20.2'N,129°34.6'E,68,4.4,震度１
10/11/1994,0:31:01,根室半島南東沖,43°02.3'N,146°22.8'E,57,4.6,震度１
10/10/1994,19:31:55,根室半島南東沖,43°06.3'N,146°21.7'E,44,4.7,震度１
10/10/1994,14:20:33,岩手県沿岸北部,39°45.0'N,141°50.1'E,62,3.9,震度１
10/10/1994,10:58:11,北海道東方沖,43°21.8'N,147°32.1'E,25,4.7,震度１
10/10/1994,7:23:50,根室半島南東沖,42°54.3'N,146°53.8'E,38,5,震度１
10/10/1994,2:51:22,北海道東方沖,43°14.4'N,147°11.9'E,50,4.8,震度１
10/9/1994,23:15:25,和歌山県北部,34°16.9'N,135°11.0'E,10,3.3,震度２
10/9/1994,21:24:25,北海道東方沖,43°36.0'N,147°13.4'E,42,5.7,震度３
10/9/1994,20:09:04,北海道東方沖,43°20.9'N,146°46.4'E,39,5.1,震度１
10/9/1994,17:48:56,北海道東方沖,43°34.6'N,147°45.5'E,0,6,震度２
10/9/1994,17:07:05,北海道東方沖,43°42.0'N,147°43.2'E,2,6.2,震度１
10/9/1994,16:55:39,北海道東方沖,43°33.5'N,147°48.1'E,0,7.3,震度４
10/8/1994,21:13:49,北海道東方沖,43°00.9'N,147°30.5'E,34,5.4,震度１
10/8/1994,19:28:43,北海道東方沖,42°52.2'N,147°19.2'E,40,5.7,震度１
10/8/1994,18:54:38,北海道東方沖,43°30.3'N,147°50.3'E,0,5.5,震度１
10/8/1994,14:28:29,根室半島南東沖,43°05.0'N,146°32.0'E,36,5.4,震度２
10/8/1994,6:27:49,北海道東方沖,43°32.3'N,147°10.1'E,55,4.8,震度１
10/8/1994,6:04:39,根室半島南東沖,43°05.1'N,146°19.0'E,43,4.7,震度２
10/8/1994,4:32:48,北海道南西沖,42°05.4'N,138°59.6'E,27,4.6,震度３
10/8/1994,3:39:45,北海道東方沖,43°22.1'N,146°41.4'E,42,4.7,震度１
10/8/1994,0:24:02,根室半島南東沖,42°51.1'N,146°09.7'E,29,5.6,震度２
10/7/1994,20:37:34,栃木県北部,36°40.3'N,139°29.5'E,7,2.3,震度１
10/7/1994,20:27:25,栃木県北部,36°40.1'N,139°29.8'E,8,2.8,震度１
10/7/1994,20:03:31,根室半島南東沖,43°12.9'N,146°40.8'E,42,4.7,震度１
10/7/1994,16:00:54,根室半島南東沖,42°57.1'N,146°45.3'E,46,5.6,震度２
10/7/1994,11:59:56,八丈島東方沖,33°43.9'N,140°26.0'E,57,3.4,震度１
10/7/1994,11:36:12,北海道東方沖,43°20.5'N,147°11.8'E,45,5.6,震度３
10/7/1994,8:57:45,根室半島南東沖,42°59.3'N,146°49.1'E,55,4.6,震度１
10/7/1994,8:20:15,北海道東方沖,43°08.6'N,147°08.3'E,51,5.1,震度２
10/7/1994,3:43:16,北海道東方沖,43°02.7'N,147°10.2'E,47,4.7,震度１
10/6/1994,23:59:35,北海道東方沖,43°17.1'N,146°58.3'E,32,5,震度１
10/6/1994,22:24:06,北海道東方沖,43°33.0'N,147°13.8'E,46,4.5,震度１
10/6/1994,20:55:43,北海道東方沖,43°21.7'N,147°26.4'E,19,5.1,震度１
10/6/1994,16:38:47,北海道東方沖,43°29.4'N,147°31.9'E,15,5.3,震度１
10/6/1994,13:35:08,北海道東方沖,43°25.4'N,147°11.7'E,45,4.8,震度１
10/6/1994,6:51:22,北海道東方沖,43°23.7'N,147°22.7'E,29,5.2,震度１
10/6/1994,5:39:51,北海道東方沖,43°41.1'N,147°09.9'E,30,6.3,震度３
10/6/1994,5:37:27,北海道東方沖,43°21.1'N,147°34.6'E,0,5.7,震度１
10/6/1994,3:12:13,福島県沖,37°12.5'N,141°43.1'E,51,4.4,震度１
10/6/1994,2:25:34,北海道東方沖,43°32.0'N,147°24.4'E,37,4.7,震度１
10/5/1994,21:34:45,北海道東方沖,43°01.8'N,147°13.4'E,45,5.5,震度２
10/5/1994,18:47:21,北海道東方沖,43°32.4'N,147°16.1'E,45,4.8,震度１
10/5/1994,18:36:52,北海道東方沖,43°07.9'N,146°57.7'E,38,4.8,震度１
10/5/1994,18:10:02,北海道東方沖,43°23.8'N,147°32.1'E,7,5.4,震度１
10/5/1994,16:56:38,北海道東方沖,43°30.5'N,147°20.5'E,26,5.1,震度１
10/5/1994,16:07:27,根室半島南東沖,43°07.1'N,146°49.9'E,40,5.1,震度１
10/5/1994,15:53:38,北海道東方沖,43°41.2'N,147°47.7'E,20,3.8,震度１
10/5/1994,15:37:56,北海道東方沖,42°59.5'N,147°07.1'E,0,4.2,震度１
10/5/1994,13:40:06,根室半島南東沖,43°00.3'N,146°13.3'E,38,4.3,震度１
10/5/1994,12:56:39,北海道東方沖,43°30.2'N,147°14.4'E,51,4.5,震度１
10/5/1994,12:39:02,根室半島南東沖,43°10.0'N,146°22.8'E,42,4.2,震度１
10/5/1994,12:21:14,根室半島南東沖,43°16.0'N,146°36.5'E,44,4.9,震度２
10/5/1994,12:15:31,薩摩半島西方沖,31°19.6'N,129°10.0'E,7,5.2,震度３
10/5/1994,12:06:12,根室半島南東沖,43°04.8'N,146°19.7'E,46,4.4,震度２
10/5/1994,11:54:34,北海道東方沖,43°23.5'N,147°24.8'E,27,4.5,震度１
10/5/1994,11:14:17,北海道東方沖,43°38.3'N,147°10.5'E,40,5.6,震度２
10/5/1994,10:58:45,根室半島南東沖,43°07.4'N,146°50.6'E,32,5.7,震度２
10/5/1994,10:26:48,北海道東方沖,43°43.8'N,147°26.0'E,21,5,震度１
10/5/1994,10:13:27,台湾付近,23°29.1'N,121°40.2'E,121,5.6,震度２
10/5/1994,9:53:50,根室半島南東沖,43°09.3'N,146°37.3'E,55,5.1,震度２
10/5/1994,9:45:22,根室半島南東沖,43°13.6'N,145°58.2'E,77,4.8,震度３
10/5/1994,9:35:04,北海道東方沖,43°34.0'N,147°00.6'E,39,5.3,震度２
10/5/1994,9:27:42,北海道東方沖,43°24.5'N,147°29.8'E,29,5.4,震度２
10/5/1994,9:22:37,北海道東方沖,43°37.2'N,146°52.8'E,0,4.6,震度１
10/5/1994,9:08:30,北海道東方沖,43°23.4'N,147°27.7'E,34,5.5,震度１
10/5/1994,8:46:52,根室半島南東沖,42°49.0'N,147°07.3'E,41,5.1,震度１
10/5/1994,8:18:12,根室半島南東沖,43°09.0'N,146°14.2'E,43,3.2,震度１
10/5/1994,7:56:30,北海道東方沖,43°21.9'N,147°24.7'E,18,5.6,震度２
10/5/1994,7:32:02,北海道東方沖,43°00.6'N,147°23.5'E,15,5,震度１
10/5/1994,7:14:45,北海道東方沖,43°05.9'N,147°12.3'E,51,4.6,震度１
10/5/1994,7:10:04,北海道東方沖,42°58.5'N,147°05.8'E,35,5,震度１
10/5/1994,6:42:10,根室半島南東沖,43°07.0'N,146°16.3'E,45,不明,震度１
10/5/1994,6:39:32,北海道東方沖,43°30.6'N,147°05.2'E,37,5.4,震度２
10/5/1994,6:29:58,北海道東方沖,43°21.4'N,147°33.0'E,24,4.8,震度１
10/5/1994,6:26:16,北海道東方沖,43°07.7'N,147°13.8'E,46,4.8,震度１
10/5/1994,6:22:29,北海道東方沖,43°26.5'N,147°25.5'E,55,4.5,震度１
10/5/1994,6:10:39,北海道東方沖,43°17.4'N,146°50.3'E,39,4.5,震度１
10/5/1994,5:01:11,北海道東方沖,43°35.5'N,147°14.0'E,59,5.9,震度３
10/5/1994,4:55:59,北海道東方沖,43°35.6'N,147°48.6'E,11,5.2,震度１
10/5/1994,4:16:33,北海道東方沖,43°38.5'N,147°12.2'E,22,5.8,震度３
10/5/1994,3:31:56,北海道東方沖,43°29.3'N,147°14.1'E,56,4.5,震度１
10/5/1994,3:25:52,根室半島南東沖,43°13.0'N,146°30.3'E,40,4.8,震度２
10/5/1994,3:21:41,根室半島南東沖,43°10.1'N,146°23.3'E,78,5.2,震度２
10/5/1994,3:21:35,根室半島南東沖,43°03.2'N,146°18.6'E,44,4.9,震度３
10/5/1994,3:09:40,北海道東方沖,43°27.7'N,147°24.3'E,16,5.8,震度３
10/5/1994,3:07:03,北海道東方沖,43°14.8'N,147°01.7'E,62,4.6,震度１
10/5/1994,3:02:44,北海道東方沖,43°33.3'N,147°37.7'E,42,5.2,震度２
10/5/1994,2:56:10,北海道東方沖,43°37.5'N,147°10.2'E,49,5.3,震度２
10/5/1994,2:50:33,北海道東方沖,43°52.0'N,147°33.0'E,20,4.8,震度１
10/5/1994,2:48:18,北海道東方沖,43°38.6'N,147°42.8'E,44,5.4,震度２
10/5/1994,2:28:54,北海道東方沖,43°41.6'N,147°21.2'E,26,4.7,震度１
10/5/1994,2:12:16,北海道東方沖,43°31.6'N,147°14.2'E,65,5.2,震度２
10/5/1994,2:07:11,北海道東方沖,43°25.8'N,147°21.7'E,14,5.1,震度２
10/5/1994,2:01:28,北海道東方沖,43°07.3'N,147°14.6'E,47,5,震度１
10/5/1994,1:55:31,北海道東方沖,43°46.1'N,147°01.9'E,42,5.3,震度１
10/5/1994,1:55:00,根室半島南東沖,43°19.8'N,146°17.1'E,77,4.7,震度２
10/5/1994,1:52:44,北海道東方沖,43°31.1'N,147°54.8'E,1,4.9,震度１
10/5/1994,1:43:39,北海道東方沖,43°35.8'N,147°35.5'E,2,4.9,震度２
10/5/1994,1:40:59,北海道東方沖,43°21.9'N,147°34.9'E,52,4.7,震度１
10/5/1994,1:34:23,北海道東方沖,43°11.0'N,147°09.4'E,51,5.4,震度１
10/5/1994,1:24:37,根室半島南東沖,43°09.1'N,146°28.4'E,42,5.5,震度３
10/5/1994,1:16:12,北海道東方沖,43°21.4'N,147°29.6'E,29,不明,震度１
10/5/1994,1:06:27,北海道東方沖,42°54.6'N,147°30.7'E,15,6,震度１
10/5/1994,1:00:59,北海道東方沖,43°19.5'N,148°21.9'E,6,6.6,震度２
10/5/1994,0:55:17,根室半島南東沖,43°14.3'N,146°40.3'E,39,5.1,震度１
10/5/1994,0:35:01,北海道東方沖,43°27.4'N,146°57.0'E,69,5.7,震度３
10/5/1994,0:24:09,北海道東方沖,43°16.4'N,148°27.8'E,0,6.8,震度３
10/5/1994,0:20:40,根室半島南東沖,43°21.7'N,146°17.7'E,81,4.6,震度２
10/5/1994,0:18:27,北海道東方沖,43°22.9'N,146°44.8'E,40,5,震度１
10/5/1994,0:10:47,根室半島南東沖,43°05.2'N,146°51.7'E,34,5.1,震度１
10/4/1994,23:47:52,北海道東方沖,43°08.8'N,146°53.3'E,55,5.4,震度１
10/4/1994,23:44:00,詳細不明,42°59.0'N,144°24.0'E,0,不明,震度２
10/4/1994,23:41:56,北海道東方沖,43°32.0'N,147°14.5'E,34,5.5,震度１
10/4/1994,23:36:47,根室半島南東沖,42°45.0'N,146°34.0'E,56,4.8,震度１
10/4/1994,23:35:28,根室半島南東沖,43°13.5'N,146°41.8'E,52,5.4,震度１
10/4/1994,23:24:11,北海道東方沖,43°44.2'N,147°35.4'E,0,5.8,震度１
10/4/1994,23:22:24,北海道東方沖,43°13.0'N,146°45.7'E,44,不明,震度１
10/4/1994,23:12:07,北海道東方沖,43°33.1'N,147°05.6'E,8,5.5,震度２
10/4/1994,22:57:14,北海道東方沖,43°09.5'N,146°56.1'E,58,5.1,震度１
10/4/1994,22:52:49,北海道東方沖,43°07.7'N,147°46.0'E,0,6.1,震度１
10/4/1994,22:51:12,北海道東方沖,43°42.3'N,147°02.6'E,0,5.5,震度１
10/4/1994,22:44:00,詳細不明,43°20.0'N,145°35.0'E,0,不明,震度１
10/4/1994,22:42:52,北海道東方沖,43°36.2'N,147°14.1'E,27,6.3,震度３
10/4/1994,22:40:10,根室半島南東沖,43°00.1'N,146°50.2'E,47,不明,震度１
10/4/1994,22:37:53,北海道東方沖,43°22.9'N,147°34.8'E,4,5.7,震度１
10/4/1994,22:34:00,詳細不明,42°59.0'N,144°24.0'E,0,不明,震度２
10/4/1994,22:34:00,詳細不明,42°59.0'N,144°24.0'E,0,不明,震度２
10/4/1994,22:33:00,詳細不明,43°20.0'N,145°35.0'E,0,不明,震度２
10/4/1994,22:32:00,詳細不明,43°20.0'N,145°35.0'E,0,不明,震度１
10/4/1994,22:32:00,詳細不明,43°20.0'N,145°35.0'E,0,不明,震度１
10/4/1994,22:31:00,詳細不明,42°59.0'N,144°24.0'E,0,不明,震度１
10/4/1994,22:30:00,詳細不明,42°59.0'N,144°24.0'E,0,不明,震度１
10/4/1994,22:29:00,詳細不明,43°20.0'N,145°35.0'E,0,不明,震度１
10/4/1994,22:28:00,詳細不明,43°20.0'N,145°35.0'E,0,不明,震度２
10/4/1994,22:22:57,北海道東方沖,43°22.5'N,147°40.4'E,28,8.2,震度６
10/4/1994,8:13:03,岐阜県美濃中西部,35°23.6'N,136°50.9'E,49,3.9,震度１
10/4/1994,2:56:00,神奈川県西部,35°29.0'N,139°04.5'E,24,4.4,震度２
10/3/1994,16:32:23,岩手県沖,39°37.6'N,142°06.7'E,54,4,震度２
10/3/1994,8:47:08,千葉県北西部,35°46.7'N,140°11.6'E,74,3.9,震度１
10/1/1994,23:10:20,能登半島沖,37°44.9'N,137°21.5'E,33,3.8,震度１
10/1/1994,14:00:41,山梨県東部・富士五湖,35°31.1'N,138°58.8'E,29,2.3,震度１
10/1/1994,2:57:58,北海道南西沖,42°01.5'N,139°21.4'E,10,3.5,震度１
9/30/1994,16:26:18,種子島近海,30°59.0'N,130°22.5'E,153,4.9,震度１
9/30/1994,3:36:05,千葉県南東沖,34°36.5'N,140°39.1'E,54,3.4,震度１
9/29/1994,11:05:38,天草灘,32°26.9'N,129°46.5'E,0,4.5,震度３
9/29/1994,8:34:28,西表島付近,24°13.9'N,123°45.7'E,2,2.3,震度１
9/28/1994,22:24:26,茨城県北部,36°28.6'N,140°30.5'E,39,3.1,震度１
9/28/1994,12:51:12,和歌山県北部,34°12.9'N,135°12.8'E,5,1.5,震度１
9/27/1994,19:24:53,静岡県東部,35°15.4'N,138°39.4'E,17,2.6,震度１
9/26/1994,6:06:13,茨城県沖,36°24.6'N,141°04.1'E,39,4.4,震度２
9/25/1994,6:49:50,福島県沖,37°08.6'N,141°10.0'E,70,4.4,震度２
9/23/1994,19:54:15,福島県沖,37°08.1'N,142°14.5'E,21,4.8,震度１
9/23/1994,19:11:20,茨城県沖,36°26.9'N,140°41.5'E,55,3.3,震度２
9/23/1994,11:37:55,福島県沖,37°10.0'N,142°13.1'E,28,5.5,震度３
9/22/1994,20:20:05,岩手県内陸北部,39°52.4'N,141°00.0'E,11,4.1,震度２
9/21/1994,18:26:51,群馬県南部,36°16.2'N,139°13.7'E,120,4.3,震度１
9/21/1994,10:03:33,浦河沖,42°03.7'N,142°25.4'E,64,4,震度１
9/21/1994,8:19:44,茨城県南部,36°18.3'N,140°01.6'E,81,3.5,震度１
9/20/1994,20:07:40,紀伊水道,34°10.8'N,135°06.9'E,10,2.8,震度１
9/19/1994,1:49:55,三陸沖,38°37.6'N,143°07.4'E,5,5,震度１
9/19/1994,1:03:30,栃木県北部,36°41.5'N,139°29.5'E,11,2.5,震度１
9/18/1994,14:18:43,千葉県東方沖,35°38.2'N,141°14.5'E,21,4.1,震度１
9/18/1994,7:43:53,八丈島東方沖,33°26.8'N,141°09.4'E,39,4.7,震度１
9/16/1994,23:18:06,奄美大島近海,28°30.3'N,129°21.4'E,86,4.1,震度１
9/13/1994,15:51:24,栃木県北部,36°41.4'N,139°29.9'E,11,2.9,震度２
9/13/1994,13:28:03,奄美大島北東沖,29°07.6'N,130°09.8'E,63,5.9,震度３
9/13/1994,10:05:10,青森県西方沖,40°31.1'N,138°58.4'E,21,4.2,震度１
9/13/1994,6:50:12,十勝地方南部,42°43.4'N,143°16.0'E,40,3.9,震度２
9/12/1994,15:56:59,広島県南東部,34°43.5'N,133°18.9'E,15,2.9,震度１
9/12/1994,2:24:37,宮崎県南部山沿い,31°59.7'N,131°09.0'E,17,3.3,震度１
9/11/1994,17:09:53,千葉県南東沖,34°35.4'N,140°32.4'E,77,5,震度３
9/11/1994,10:28:24,与那国島近海,24°15.8'N,122°34.5'E,58,4.5,震度１
9/10/1994,0:43:04,熊本県阿蘇地方,32°59.5'N,131°04.6'E,8,2.7,震度１
9/9/1994,19:33:28,西表島付近,24°27.6'N,123°51.0'E,15,不明,震度１
9/8/1994,17:19:35,宮崎県南部山沿い,32°00.1'N,131°05.6'E,14,4,震度２
9/7/1994,12:54:05,宮崎県南部山沿い,32°00.8'N,131°09.0'E,19,5.3,震度３
9/7/1994,12:48:18,宮崎県南部山沿い,32°01.0'N,131°08.7'E,20,4.8,震度３
9/7/1994,2:31:55,日高地方東部,42°10.7'N,142°52.3'E,63,3.8,震度２
9/6/1994,19:00:03,茨城県北部,36°29.5'N,140°34.6'E,54,4.5,震度３
9/6/1994,15:42:07,三重県中部,34°36.8'N,136°13.7'E,59,3.6,震度２
9/6/1994,2:22:28,栃木県北部,36°40.6'N,139°28.9'E,12,2.4,震度１
9/5/1994,11:03:56,奄美大島近海,28°28.1'N,129°44.6'E,66,4.2,震度２
9/4/1994,21:29:37,浦河沖,41°56.8'N,142°15.9'E,66,4.5,震度２
9/4/1994,19:33:32,宮古島近海,24°10.4'N,125°19.9'E,34,4.5,震度１
9/4/1994,10:19:10,千葉県北西部,35°35.0'N,140°08.1'E,83,4.2,震度２
9/3/1994,15:37:41,徳島県北部,33°57.1'N,134°06.4'E,9,3.6,震度１
9/3/1994,14:55:29,日高地方東部,42°15.5'N,143°00.2'E,68,3.8,震度１
9/3/1994,7:46:19,千葉県北西部,35°46.8'N,140°07.9'E,82,4.1,震度１
9/1/1994,18:27:45,浦河沖,41°54.9'N,142°30.1'E,64,3.9,震度１
9/1/1994,12:22:35,長野県南部,35°46.1'N,137°32.5'E,12,4.3,震度２
8/31/1994,18:07:29,根室半島南東沖,43°29.6'N,146°03.8'E,84,6.3,震度５
8/30/1994,1:55:05,茨城県沖,36°27.5'N,140°42.0'E,50,4.6,震度３
8/29/1994,3:37:16,千島列島,44°58.8'N,150°51.2'E,50,6.3,震度１
8/28/1994,22:51:22,奄美大島近海,27°56.1'N,129°46.7'E,36,4.9,震度２
8/28/1994,19:10:57,青森県東方沖,40°36.2'N,142°27.6'E,34,4.6,震度１
8/26/1994,20:52:20,和歌山県南方沖,33°19.1'N,135°44.8'E,21,3.3,震度２
8/26/1994,13:59:16,栃木県北部,36°40.1'N,139°29.3'E,12,2.2,震度１
8/26/1994,3:55:18,北海道南西沖,41°54.2'N,139°10.5'E,19,3.6,震度１
8/25/1994,19:24:29,十勝沖,42°17.3'N,144°17.4'E,67,4.2,震度３
8/25/1994,10:24:47,釧路沖,42°45.1'N,145°09.7'E,65,5.2,震度４
8/25/1994,5:36:41,宮城県南部,38°13.6'N,140°39.8'E,136,4.4,震度１
8/23/1994,18:04:09,釧路沖,42°57.5'N,145°15.8'E,83,3.9,震度１
8/23/1994,2:22:41,北海道南西沖,41°57.8'N,139°10.6'E,16,3.4,震度１
8/22/1994,13:05:29,紀伊水道,33°36.3'N,134°35.9'E,52,4.9,震度２
8/22/1994,1:51:14,大隅半島東方沖,31°03.4'N,131°33.6'E,31,4.5,震度１
8/21/1994,19:35:26,根室半島南東沖,43°08.0'N,145°33.9'E,47,3.7,震度１
8/20/1994,13:38:50,択捉島南東沖,44°37.8'N,149°44.0'E,47,6.1,震度２
8/19/1994,5:13:31,西表島付近,24°25.7'N,123°43.7'E,5,2.3,震度２
8/18/1994,22:14:18,西表島付近,24°25.5'N,123°42.8'E,4,1.8,震度１
8/18/1994,13:42:52,千島列島,45°05.0'N,150°52.5'E,41,6.4,震度１
8/16/1994,19:17:36,宮城県沖,37°49.7'N,142°37.6'E,18,5.3,震度１
8/16/1994,19:09:32,宮城県沖,37°50.0'N,142°35.6'E,22,6,震度３
8/16/1994,13:46:19,奄美大島北東沖,29°10.9'N,130°30.7'E,72,5.5,震度３
8/16/1994,0:13:09,浦河沖,41°59.7'N,142°27.9'E,66,4.6,震度３
8/14/1994,18:06:51,宮城県沖,38°40.8'N,142°23.1'E,42,6,震度４
8/12/1994,17:54:53,和歌山県北部,34°12.4'N,135°11.2'E,7,1.8,震度１
8/12/1994,1:25:56,石垣島近海,24°37.7'N,124°00.5'E,56,4.3,震度３
8/11/1994,5:04:30,奄美大島近海,28°22.2'N,129°40.6'E,2,不明,震度１
8/11/1994,3:50:26,奄美大島近海,28°19.0'N,129°39.5'E,14,3.7,震度２
8/10/1994,12:56:09,青森県西方沖,40°45.7'N,139°05.8'E,31,3.2,震度１
8/7/1994,6:51:13,千葉県東方沖,35°41.0'N,140°56.9'E,35,3.2,震度１
8/7/1994,1:57:36,千葉県東方沖,35°30.3'N,140°57.5'E,45,4.2,震度１
8/7/1994,1:54:39,千葉県東方沖,35°29.6'N,141°00.8'E,41,4.4,震度１
8/7/1994,1:05:47,千葉県東方沖,35°30.3'N,140°58.6'E,50,5,震度２
8/7/1994,0:26:12,千葉県東方沖,35°31.3'N,140°57.4'E,50,4.7,震度２
8/5/1994,21:59:46,種子島近海,30°13.5'N,131°04.4'E,46,5,震度２
8/5/1994,14:53:53,浦河沖,42°02.8'N,142°24.4'E,67,4.2,震度２
8/5/1994,13:51:49,日向灘,31°54.9'N,132°14.9'E,25,4.9,震度１
8/5/1994,13:10:14,和歌山県北部,34°12.0'N,135°09.9'E,6,2.1,震度１
8/5/1994,13:04:49,上川地方南部,42°57.9'N,142°34.3'E,118,4.4,震度１
8/3/1994,16:43:36,青森県東方沖,40°51.9'N,142°41.9'E,56,4.5,震度１
8/1/1994,13:48:31,山梨県東部・富士五湖,35°29.5'N,138°48.6'E,14,3.8,震度３
8/1/1994,10:12:10,西表島付近,24°09.5'N,123°43.7'E,12,2.9,震度２
7/31/1994,6:21:25,青森県東方沖,40°52.6'N,142°45.4'E,64,5.3,震度２
7/29/1994,5:24:07,栃木県北部,36°40.7'N,139°29.1'E,12,2.4,震度２
7/28/1994,23:22:05,兵庫県南東部,34°55.0'N,135°22.4'E,12,3.4,震度１
7/28/1994,10:01:47,大阪府南部,34°19.3'N,135°18.9'E,10,4.1,震度２
7/27/1994,23:27:54,沖縄本島近海,26°18.4'N,127°09.3'E,55,3.1,震度１
7/27/1994,16:32:37,茨城県沖,36°26.9'N,140°42.4'E,54,4.1,震度３
7/27/1994,2:01:31,兵庫県南東部,34°54.9'N,135°21.6'E,15,3.1,震度１
7/26/1994,21:27:04,徳島県南部,33°37.6'N,134°20.2'E,49,3.9,震度１
7/26/1994,10:59:23,福島県沖,37°09.6'N,141°24.9'E,48,3.7,震度１
7/26/1994,2:41:52,黄海,35°10.6'N,124°50.2'E,2,5.9,震度１
7/24/1994,22:57:41,三陸沖,39°48.9'N,143°11.4'E,2,4.9,震度１
7/24/1994,15:49:05,岩手県沖,39°38.2'N,142°07.3'E,52,4.4,震度３
7/23/1994,9:49:44,伊豆大島近海,34°43.4'N,139°25.1'E,0,2.2,震度１
7/22/1994,3:55:57,日本海中部,41°17.3'N,132°49.0'E,563,6.3,震度１
7/22/1994,3:36:32,日本海北部,42°16.7'N,133°32.8'E,552,7.3,震度３
7/21/1994,18:04:23,千葉県南東沖,34°51.1'N,140°23.7'E,72,4.1,震度１
7/20/1994,13:31:57,千葉県北西部,35°45.7'N,140°07.2'E,81,4.3,震度２
7/20/1994,10:58:09,千葉県東方沖,35°17.7'N,141°02.5'E,44,4.6,震度１
7/20/1994,3:40:42,京都府南部,35°03.3'N,135°35.9'E,14,2.8,震度１
7/19/1994,23:58:51,西表島付近,24°24.7'N,123°45.7'E,3,2,震度３
7/19/1994,23:41:31,西表島付近,24°24.7'N,123°45.8'E,3,1.7,震度２
7/18/1994,5:56:57,和歌山県南方沖,33°27.0'N,135°40.2'E,26,3.2,震度１
7/14/1994,5:10:17,茨城県沖,36°40.5'N,141°15.8'E,42,3.6,震度１
7/13/1994,0:51:10,千葉県北西部,35°34.0'N,140°10.1'E,78,3.9,震度１
7/12/1994,7:32:45,青森県東方沖,41°08.8'N,142°49.2'E,69,4.8,震度２
7/11/1994,13:36:53,沖縄本島近海,26°42.0'N,127°43.0'E,51,4.7,震度２
7/11/1994,3:28:02,北海道南西沖,41°33.3'N,139°47.2'E,28,3.5,震度１
7/10/1994,11:42:03,茨城県南部,36°08.3'N,140°06.8'E,76,3.4,震度１
7/9/1994,12:27:37,茨城県南部,36°04.2'N,139°52.7'E,57,3,震度１
7/8/1994,16:26:02,青森県東方沖,41°28.8'N,141°59.3'E,66,4,震度１
7/8/1994,7:23:16,鹿児島県薩摩地方,32°05.3'N,130°27.2'E,7,3.4,震度１
7/8/1994,4:56:54,鹿児島県薩摩地方,32°05.5'N,130°26.7'E,6,3.6,震度１
7/7/1994,7:11:49,福井県嶺南,35°32.1'N,135°57.9'E,13,3.3,震度２
7/6/1994,1:27:33,釧路沖,42°45.2'N,143°58.3'E,108,4.7,震度３
7/5/1994,20:05:44,長野県北部,36°35.1'N,138°16.6'E,6,2.5,震度１
7/5/1994,16:40:18,浦河沖,42°07.4'N,142°40.5'E,56,4.2,震度１
7/4/1994,9:17:42,奄美大島近海,27°27.4'N,129°25.3'E,10,4.2,震度１
7/2/1994,21:08:46,奄美大島近海,28°10.4'N,129°42.7'E,35,5.3,震度４
7/2/1994,14:32:54,和歌山県北部,34°16.5'N,135°06.1'E,10,2.4,震度１
7/2/1994,7:43:18,浦河沖,42°07.7'N,142°57.4'E,64,4.9,震度４
7/1/1994,16:32:44,岩手県沖,40°15.8'N,142°31.8'E,36,4.2,震度１
7/1/1994,14:14:49,日高地方東部,42°15.3'N,143°04.7'E,67,5.2,震度４
6/30/1994,18:34:48,栃木県南部,36°39.9'N,140°07.2'E,81,3.8,震度１
6/30/1994,16:59:25,伊豆大島近海,34°45.3'N,139°17.5'E,3,1.2,震度１
6/29/1994,15:12:53,日向灘,31°52.2'N,131°58.9'E,24,4.3,震度１
6/29/1994,13:07:00,詳細不明,27°26.0'N,128°42.0'E,0,不明,震度１
6/29/1994,11:01:59,千葉県南部,34°57.3'N,139°52.7'E,60,5.2,震度４
6/28/1994,23:32:32,日高地方東部,42°22.1'N,142°50.2'E,39,3.3,震度１
6/28/1994,13:08:42,京都府南部,35°08.1'N,135°39.0'E,15,4.7,震度４
6/27/1994,7:13:19,島根県東部,35°21.5'N,133°12.5'E,14,2.9,震度１
6/25/1994,23:24:19,浦河沖,41°44.1'N,142°53.5'E,32,3.4,震度１
6/25/1994,17:38:09,北海道東方沖,43°38.8'N,147°13.5'E,70,5.3,震度２
6/24/1994,1:47:33,沖縄本島近海,26°02.6'N,126°57.5'E,60,3.7,震度１
6/23/1994,19:23:37,岩手県沖,40°10.0'N,142°28.1'E,28,4.9,震度２
6/22/1994,6:30:28,西表島付近,23°58.6'N,123°39.7'E,6,3.4,震度１
6/21/1994,15:12:51,鳥取県西部,35°23.4'N,133°21.0'E,9,2.5,震度１
6/21/1994,9:05:47,青森県東方沖,40°57.3'N,141°57.9'E,59,3.6,震度１
6/19/1994,8:12:08,茨城県南部,36°16.7'N,140°08.0'E,55,4.3,震度２
6/19/1994,7:17:25,佐渡付近,37°51.6'N,137°42.1'E,18,4.3,震度１
6/19/1994,0:48:02,日向灘,32°05.0'N,131°55.2'E,43,5.1,震度３
6/17/1994,16:52:25,千葉県北西部,35°19.2'N,140°08.4'E,73,4.1,震度１
6/17/1994,11:13:37,紀伊水道,34°04.9'N,134°37.6'E,8,4.3,震度４
6/17/1994,8:15:30,静岡県東部,35°23.3'N,139°00.1'E,12,3,震度１
6/16/1994,18:07:32,香川県東部,34°17.6'N,134°06.3'E,14,2.7,震度１
6/15/1994,20:37:44,長野県南部,35°46.2'N,137°33.3'E,12,3.6,震度１
6/15/1994,4:12:47,石垣島北西沖,25°56.2'N,124°01.5'E,181,5.1,震度２
6/14/1994,15:29:50,和歌山県北部,34°05.3'N,135°10.4'E,10,3.5,震度１
6/14/1994,13:56:16,天草灘,31°59.1'N,130°02.7'E,6,3.5,震度１
6/14/1994,5:55:07,新島・神津島近海,34°25.1'N,139°00.6'E,2,4.1,震度１
6/14/1994,4:28:55,天草灘,31°58.8'N,130°02.3'E,4,3.5,震度１
6/14/1994,2:34:40,父島近海,27°43.8'N,141°45.3'E,152,4.7,震度１
6/14/1994,1:46:12,北海道南西沖,42°04.9'N,139°24.0'E,13,3,震度３
6/13/1994,20:39:05,北海道南西沖,42°05.0'N,139°25.7'E,11,2.9,震度２
6/13/1994,18:44:54,茨城県沖,36°21.3'N,141°55.6'E,34,4.8,震度１
6/13/1994,10:40:29,千葉県東方沖,35°26.5'N,140°27.8'E,59,4.1,震度２
6/13/1994,1:37:35,日向灘,31°33.8'N,131°56.4'E,22,4.6,震度１
6/12/1994,19:51:29,新島・神津島近海,34°10.4'N,139°14.8'E,15,3.4,震度２
6/12/1994,19:31:12,日向灘,31°34.2'N,131°55.0'E,25,5.1,震度２
6/12/1994,14:09:37,種子島近海,30°40.7'N,131°03.5'E,10,2.7,震度２
6/12/1994,1:36:24,宮古島近海,25°08.2'N,125°05.6'E,1,3.6,震度２
6/11/1994,7:21:33,静岡県中部,35°02.3'N,138°19.3'E,30,4.1,震度２
6/11/1994,6:39:50,父島近海,27°57.0'N,142°13.4'E,147,5,震度２
6/10/1994,11:46:07,和歌山県北部,34°06.3'N,135°08.6'E,12,3.2,震度１
6/8/1994,20:29:07,奄美大島近海,27°53.5'N,129°41.0'E,36,3.5,震度１
6/8/1994,3:53:53,奄美大島近海,28°26.1'N,129°22.4'E,70,3.7,震度１
6/7/1994,18:18:01,奄美大島北東沖,29°01.7'N,130°23.5'E,74,5,震度１
6/7/1994,10:52:33,能登半島沖,37°42.1'N,137°24.7'E,20,4.9,震度２
6/7/1994,5:57:12,茨城県沖,36°34.5'N,140°40.5'E,102,3.7,震度２
6/6/1994,18:03:02,奄美大島近海,28°27.2'N,129°19.5'E,71,5.7,震度４
6/5/1994,10:09:30,台湾付近,24°17.0'N,121°44.4'E,27,6.7,震度２
6/3/1994,19:20:56,千葉県東方沖,35°21.0'N,140°28.5'E,35,3.2,震度１
6/3/1994,0:29:09,日高地方中部,42°19.6'N,142°45.5'E,59,4.4,震度３
6/2/1994,11:52:44,北海道南西沖,42°21.6'N,138°55.9'E,29,4.4,震度２
6/2/1994,8:24:37,択捉島南東沖,44°07.1'N,148°00.8'E,12,5.5,震度１
6/1/1994,23:35:24,北海道南西沖,42°00.3'N,139°07.1'E,11,3.6,震度１
5/31/1994,4:20:05,茨城県南部,36°14.4'N,140°00.3'E,58,4,震度２
5/29/1994,13:32:12,滋賀県北部,35°20.3'N,136°16.0'E,43,3.6,震度１
5/28/1994,18:40:45,奄美大島近海,28°31.8'N,129°41.5'E,55,4.1,震度２
5/28/1994,17:04:32,滋賀県北部,35°19.6'N,136°16.7'E,44,5.3,震度４
5/28/1994,13:10:21,愛知県西部,34°55.6'N,136°54.4'E,16,3.6,震度１
5/28/1994,10:21:26,浦河沖,42°03.2'N,142°35.0'E,62,4.9,震度３
5/28/1994,5:24:53,和歌山県北部,34°05.9'N,135°08.2'E,10,2.9,震度１
5/27/1994,23:53:40,東京都２３区,35°42.3'N,139°41.5'E,42,4.1,震度３
5/26/1994,19:09:24,奄美大島近海,28°28.6'N,129°48.5'E,51,3.8,震度２
5/25/1994,15:13:24,西表島付近,24°17.3'N,123°34.9'E,10,2.7,震度２
5/24/1994,22:50:42,青森県西方沖,40°42.5'N,139°10.3'E,27,3.7,震度１
5/24/1994,15:45:53,与那国島近海,23°47.7'N,122°29.5'E,13,4.9,震度１
5/24/1994,14:48:13,与那国島近海,24°01.6'N,122°27.3'E,52,5.6,震度２
5/24/1994,13:42:44,豊後水道,33°13.6'N,132°20.6'E,44,3.6,震度１
5/24/1994,13:35:42,与那国島近海,24°04.0'N,122°29.6'E,53,5,震度１
5/24/1994,13:10:23,与那国島近海,23°54.9'N,122°34.3'E,18,不明,震度１
5/24/1994,13:00:43,台湾付近,23°58.3'N,122°23.6'E,38,6.6,震度３
5/24/1994,0:16:59,与那国島近海,24°04.0'N,122°27.8'E,46,5.9,震度２
5/23/1994,15:24:56,与那国島近海,24°00.7'N,122°34.1'E,31,5.6,震度２
5/23/1994,14:36:05,与那国島近海,24°07.4'N,122°30.4'E,46,6.1,震度２
5/22/1994,20:45:17,福井県沖,35°58.1'N,135°34.9'E,13,4.9,震度２
5/22/1994,9:18:59,北海道南西沖,41°55.0'N,139°12.0'E,26,3.2,震度１
5/21/1994,1:39:57,沖縄本島南方沖,24°59.9'N,128°51.3'E,52,5.5,震度１
5/20/1994,21:43:35,福島県浜通り,37°32.8'N,140°42.0'E,84,3.9,震度１
5/19/1994,19:10:38,静岡県西部,34°48.3'N,137°43.4'E,24,3.3,震度２
5/19/1994,13:37:46,十勝沖,41°44.1'N,143°53.2'E,63,4.8,震度２
5/18/1994,12:54:00,択捉島南東沖,44°48.8'N,149°44.8'E,27,5.9,震度１
5/18/1994,10:54:35,十勝沖,42°05.8'N,143°58.3'E,48,3.6,震度１
5/13/1994,20:18:41,茨城県南部,36°16.4'N,140°06.0'E,75,4.4,震度２
5/11/1994,19:01:13,沖縄本島近海,25°50.5'N,126°14.9'E,75,3.4,震度１
5/11/1994,13:52:30,岩手県沖,40°09.2'N,142°29.1'E,29,4.5,震度１
5/10/1994,15:56:45,宮古島北西沖,25°48.1'N,125°33.8'E,25,4.4,震度１
5/9/1994,2:31:58,北海道南西沖,42°04.1'N,139°03.1'E,19,3.7,震度１
5/8/1994,17:02:02,和歌山県北部,34°04.9'N,135°07.2'E,11,5,震度３
5/7/1994,21:02:19,福島県沖,37°01.1'N,141°19.2'E,58,4.4,震度２
5/7/1994,15:02:38,奄美大島近海,27°25.5'N,129°24.2'E,9,5.2,震度２
5/7/1994,2:03:00,北海道南西沖,42°18.9'N,139°03.6'E,26,3.4,震度１
5/6/1994,23:40:00,茨城県南部,36°01.2'N,140°09.3'E,73,3.3,震度１
5/6/1994,17:24:02,長野県北部,36°34.9'N,138°19.2'E,6,3.8,震度２
5/6/1994,8:32:32,八丈島東方沖,33°33.0'N,139°59.4'E,113,4,震度１
5/5/1994,20:30:11,十勝地方中部,42°44.9'N,143°25.7'E,99,3.8,震度１
5/5/1994,15:08:44,根室地方南部,43°15.4'N,145°15.1'E,70,4.8,震度２
5/5/1994,5:54:44,日向灘,32°42.9'N,132°25.7'E,44,4.3,震度２
5/3/1994,21:30:24,岩手県沿岸北部,39°51.1'N,141°54.4'E,65,3.8,震度１
5/3/1994,13:39:49,熊本県球磨地方,32°13.8'N,130°40.6'E,7,2.8,震度３
5/2/1994,5:22:29,根室半島南東沖,43°19.9'N,146°04.3'E,59,4.5,震度２
5/1/1994,19:03:43,宮古島近海,25°19.7'N,125°14.4'E,10,3.6,震度１
5/1/1994,13:00:00,詳細不明,27°05.0'N,142°12.0'E,0,不明,震度１
5/1/1994,9:59:41,千島列島,46°30.0'N,150°11.0'E,249,5.7,震度１
4/30/1994,12:28:41,大隅半島東方沖,31°17.4'N,131°34.5'E,48,6,震度４
4/29/1994,22:38:25,十勝地方中部,42°59.1'N,142°51.9'E,127,4.8,震度２
4/29/1994,0:05:47,宮古島近海,25°20.0'N,125°13.6'E,5,4,震度２
4/28/1994,15:44:47,沖縄本島近海,26°33.3'N,127°39.0'E,57,4.1,震度１
4/26/1994,7:24:21,福島県沖,37°29.0'N,141°39.1'E,50,5,震度２
4/24/1994,4:36:46,岩手県沖,40°08.5'N,142°30.5'E,26,5,震度２
4/23/1994,18:30:00,福島県沖,37°45.7'N,141°40.6'E,47,4.2,震度１
4/23/1994,13:03:23,島根県沖,35°50.4'N,131°03.8'E,2,4.9,震度２
4/23/1994,12:41:51,島根県沖,36°01.6'N,131°05.1'E,26,5.3,震度１
4/22/1994,18:51:30,沖縄本島近海,26°11.8'N,127°28.9'E,13,3.3,震度１
4/22/1994,2:05:35,島根県沖,36°00.3'N,131°02.4'E,23,5.3,震度２
4/21/1994,17:35:00,詳細不明,27°05.0'N,142°12.0'E,0,不明,震度１
4/21/1994,7:22:43,北海道南西沖,41°51.5'N,139°15.8'E,19,3.6,震度２
4/21/1994,4:46:04,伊豆大島近海,34°44.3'N,139°22.2'E,2,1.5,震度１
4/21/1994,1:05:27,西表島付近,24°27.8'N,123°41.0'E,6,不明,震度２
4/20/1994,17:00:28,十勝地方中部,42°52.1'N,143°39.0'E,92,3.7,震度１
4/20/1994,13:55:43,北海道南西沖,41°50.4'N,139°15.3'E,20,4.5,震度３
4/19/1994,9:15:54,岩手県沖,40°23.1'N,142°13.4'E,45,4.2,震度１
4/19/1994,2:09:26,沖縄本島近海,27°36.5'N,128°23.7'E,13,2.9,震度１
4/18/1994,9:54:48,鹿児島県薩摩地方,32°04.8'N,130°28.5'E,11,3.3,震度１
4/17/1994,6:14:37,千葉県東方沖,35°52.8'N,141°02.4'E,33,3.6,震度１
4/14/1994,22:17:53,栃木県北部,36°43.3'N,139°25.6'E,12,1.8,震度１
4/14/1994,7:18:39,岩手県内陸南部,39°21.7'N,141°32.5'E,20,4,震度１
4/13/1994,13:00:51,石垣島南方沖,22°51.4'N,123°44.7'E,61,5.4,震度２
4/13/1994,9:22:28,宮古島近海,25°03.7'N,125°25.5'E,48,3.7,震度２
4/13/1994,8:04:34,栃木県北部,36°43.1'N,139°25.7'E,13,1.7,震度１
4/13/1994,3:59:21,北海道南西沖,41°59.7'N,139°19.1'E,9,3.2,震度１
4/13/1994,3:38:47,北海道南西沖,42°01.7'N,139°17.5'E,14,3.6,震度２
4/12/1994,9:17:20,国後島付近,44°13.2'N,146°42.1'E,133,5.4,震度２
4/11/1994,21:38:51,岩手県沖,39°59.6'N,141°59.7'E,53,3.5,震度１
4/11/1994,17:44:54,福岡県筑豊地方,33°38.7'N,130°37.5'E,17,3.2,震度２
4/11/1994,12:59:41,岐阜県美濃中西部,35°20.9'N,136°44.8'E,44,3.6,震度２
4/11/1994,8:45:56,沖縄本島南方沖,23°37.0'N,126°57.3'E,60,6.2,震度１
4/11/1994,5:36:11,父島近海,27°19.6'N,143°04.5'E,43,4.2,震度１
4/10/1994,15:07:51,福島県沖,37°05.2'N,141°09.7'E,56,4.7,震度２
4/10/1994,15:01:43,千葉県北西部,35°49.6'N,140°01.7'E,81,3.9,震度１
4/9/1994,4:35:08,宮古島近海,24°30.9'N,125°25.4'E,70,4,震度２
4/9/1994,3:22:50,奄美大島近海,28°23.2'N,129°49.8'E,11,不明,震度１
4/8/1994,23:19:40,三陸沖,40°38.4'N,143°49.8'E,3,5.2,震度１
4/8/1994,10:10:41,三陸沖,40°34.3'N,143°57.2'E,3,6.5,震度２
4/8/1994,9:25:42,茨城県沖,36°39.5'N,141°03.7'E,48,3.6,震度１
4/7/1994,23:35:04,有明海,32°48.7'N,130°36.9'E,9,2.9,震度１
4/7/1994,10:44:40,トカラ列島近海,29°46.6'N,129°23.6'E,179,4.9,震度１
4/6/1994,16:22:19,茨城県沖,36°13.8'N,141°44.0'E,25,4.9,震度２
4/6/1994,14:19:52,茨城県沖,36°15.6'N,141°42.4'E,27,5.4,震度２
4/6/1994,13:21:36,茨城県沖,36°15.8'N,141°35.6'E,39,5.2,震度１
4/6/1994,10:35:28,滋賀県北部,35°15.7'N,136°23.0'E,14,3.7,震度１
4/5/1994,5:53:28,北海道南西沖,41°49.3'N,139°18.4'E,20,3.3,震度２
4/5/1994,5:27:42,択捉島南東沖,44°08.2'N,148°11.2'E,33,4.7,震度１
4/5/1994,1:22:18,新島・神津島近海,34°10.4'N,139°06.7'E,10,3.6,震度３
4/5/1994,0:19:42,栃木県北部,36°41.1'N,139°29.3'E,10,3,震度２
4/3/1994,15:44:31,沖縄本島近海,26°20.7'N,127°22.9'E,42,不明,震度１
4/2/1994,9:07:43,大阪府北部,34°53.9'N,135°39.9'E,14,2.8,震度１
4/1/1994,19:39:42,十勝沖,42°39.6'N,143°38.0'E,72,3.8,震度２
3/30/1994,21:41:23,新島・神津島近海,34°16.9'N,139°16.3'E,14,3.2,震度１
3/29/1994,18:15:41,北海道南西沖,41°50.3'N,139°17.5'E,18,3.8,震度１
3/28/1994,21:15:02,福島県沖,37°45.6'N,141°07.0'E,84,3.9,震度１
3/27/1994,6:51:05,八丈島東方沖,33°31.9'N,140°55.8'E,58,4.4,震度２
3/25/1994,17:35:12,長野県南部,35°51.7'N,137°32.6'E,12,4,震度１
3/24/1994,15:11:33,和歌山県北部,34°11.3'N,135°12.5'E,5,2.4,震度１
3/24/1994,15:11:25,和歌山県北部,34°11.1'N,135°13.2'E,7,2.9,震度３
3/24/1994,13:56:33,十勝沖,42°25.7'N,144°03.9'E,73,3.5,震度１
3/24/1994,4:28:00,詳細不明,28°23.0'N,129°30.0'E,0,不明,震度１
3/22/1994,16:23:20,宮城県沖,38°13.3'N,142°03.2'E,48,4.7,震度２
3/22/1994,2:52:43,東京湾,35°32.5'N,139°52.5'E,69,3.8,震度１
3/21/1994,8:22:06,青森県三八上北地方,40°27.6'N,141°33.2'E,77,4.6,震度３
3/21/1994,5:53:47,岩手県沖,40°07.0'N,142°29.2'E,28,4.2,震度１
3/21/1994,3:31:22,北海道南西沖,42°01.5'N,139°14.0'E,17,3.6,震度１
3/20/1994,15:46:54,和歌山県北部,34°15.9'N,135°10.0'E,8,2.2,震度１
3/19/1994,2:43:53,西表島付近,24°06.8'N,123°29.5'E,27,2.6,震度１
3/18/1994,23:20:32,茨城県南部,36°04.5'N,139°54.0'E,58,4,震度２
3/18/1994,14:56:00,十勝地方南部,42°40.0'N,143°25.3'E,96,4.3,震度２
3/18/1994,13:52:39,高知県中部,33°38.9'N,133°29.4'E,6,2.4,震度１
3/18/1994,7:10:05,浦河沖,41°50.2'N,142°39.6'E,70,4.8,震度３
3/17/1994,20:28:03,台湾付近,24°19.6'N,122°09.8'E,54,5.4,震度２
3/17/1994,1:43:00,熊本県熊本地方,32°48.3'N,130°37.0'E,11,2.8,震度１
3/16/1994,21:19:00,新島・神津島近海,34°12.0'N,139°07.7'E,7,3.5,震度３
3/16/1994,21:18:46,新島・神津島近海,34°12.8'N,139°08.2'E,3,2.9,震度３
3/16/1994,21:11:17,新島・神津島近海,34°10.2'N,139°05.2'E,6,3.4,震度３
3/16/1994,21:09:27,新島・神津島近海,34°09.1'N,139°07.3'E,4,4.6,震度４
3/16/1994,17:00:38,新島・神津島近海,34°10.7'N,139°05.0'E,4,3.1,震度３
3/15/1994,13:46:33,福島県沖,37°00.1'N,141°10.0'E,52,4.1,震度２
3/15/1994,11:19:31,栃木県北部,36°40.4'N,139°29.3'E,11,2.8,震度２
3/15/1994,8:05:54,北海道南西沖,41°51.0'N,139°16.1'E,17,3.5,震度１
3/14/1994,19:04:48,栃木県北部,36°40.1'N,139°29.2'E,12,2.5,震度１
3/14/1994,13:59:55,北海道西方沖,43°35.7'N,139°37.9'E,22,4.8,震度１
3/14/1994,8:05:32,栃木県北部,36°39.4'N,139°29.0'E,12,2.4,震度１
3/14/1994,8:02:40,北海道南西沖,42°02.5'N,139°05.0'E,24,3.5,震度１
3/14/1994,2:27:00,茨城県南部,35°51.9'N,140°41.1'E,56,4.6,震度２
3/13/1994,9:43:03,茨城県沖,36°14.5'N,140°57.4'E,37,4,震度２
3/13/1994,3:43:18,茨城県沖,36°44.4'N,141°09.9'E,47,4.3,震度１
3/12/1994,19:08:48,新島・神津島近海,34°24.8'N,139°15.7'E,6,4.6,震度１
3/11/1994,16:10:16,新島・神津島近海,34°18.7'N,139°11.2'E,13,3.7,震度２
3/11/1994,15:49:40,浦河沖,42°07.1'N,142°47.3'E,43,4,震度２
3/11/1994,13:38:45,新島・神津島近海,34°18.0'N,139°11.4'E,12,5.1,震度４
3/11/1994,13:11:20,新島・神津島近海,34°15.6'N,139°12.4'E,10,3.6,震度３
3/11/1994,13:00:57,新島・神津島近海,34°18.5'N,139°09.6'E,11,3.2,震度３
3/11/1994,12:54:04,新島・神津島近海,34°18.8'N,139°10.8'E,5,4.3,震度４
3/11/1994,12:47:50,新島・神津島近海,34°19.4'N,139°11.7'E,14,4.1,震度３
3/11/1994,12:37:42,新島・神津島近海,34°18.8'N,139°15.3'E,11,3.6,震度２
3/11/1994,12:28:28,新島・神津島近海,34°18.1'N,139°13.9'E,13,3.5,震度２
3/11/1994,12:12:13,新島・神津島近海,34°17.9'N,139°11.4'E,3,5.3,震度４
3/11/1994,10:33:38,新島・神津島近海,34°16.7'N,139°12.3'E,6,3.6,震度３
3/11/1994,10:10:27,新島・神津島近海,34°15.5'N,139°12.4'E,8,4,震度３
3/11/1994,9:59:19,新島・神津島近海,34°16.0'N,139°12.6'E,9,4.1,震度３
3/11/1994,5:08:12,福島県沖,37°17.4'N,141°02.2'E,88,4.2,震度１
3/10/1994,3:49:31,北海道南西沖,41°52.3'N,139°26.2'E,15,3.9,震度１
3/9/1994,23:21:00,詳細不明,27°05.0'N,142°12.0'E,0,不明,震度１
3/9/1994,19:02:56,茨城県沖,36°25.5'N,141°07.1'E,40,5.1,震度３
3/9/1994,0:24:28,奄美大島北東沖,28°41.6'N,131°10.3'E,48,4.8,震度１
3/7/1994,11:23:46,北海道南西沖,42°07.6'N,139°26.5'E,8,2.7,震度１
3/6/1994,19:13:19,北海道南西沖,41°50.4'N,139°07.2'E,22,4.8,震度３
3/5/1994,17:02:42,釧路沖,42°45.0'N,144°11.2'E,101,3.8,震度２
3/4/1994,21:10:25,長野県北部,36°54.5'N,138°18.3'E,12,3.4,震度１
3/1/1994,23:43:14,北海道南西沖,41°55.0'N,139°09.1'E,18,3.5,震度１
3/1/1994,22:47:08,岩手県沖,39°05.6'N,142°13.9'E,45,3.9,震度１
3/1/1994,3:35:13,十勝地方中部,42°43.3'N,143°21.8'E,71,4,震度２
2/28/1994,19:40:25,和歌山県北部,34°13.5'N,135°09.7'E,7,1.7,震度１
2/28/1994,14:53:06,三河湾,34°39.3'N,137°02.9'E,2,2.1,震度１
2/28/1994,6:00:31,三河湾,34°40.7'N,137°02.7'E,5,2.4,震度２
2/27/1994,18:04:27,大隅半島東方沖,30°43.1'N,131°34.7'E,45,5.3,震度１
2/27/1994,17:25:47,伊豆半島東方沖,34°52.7'N,139°11.2'E,4,4.2,震度２
2/27/1994,12:43:22,長崎県南西部,32°37.4'N,129°50.9'E,3,3,震度２
2/27/1994,12:33:43,大隅半島東方沖,30°44.5'N,131°35.6'E,41,5.3,震度１
2/27/1994,11:56:26,大隅半島東方沖,30°44.5'N,131°33.2'E,37,4.9,震度１
2/27/1994,5:08:39,宮古島近海,25°18.6'N,125°20.0'E,24,3.4,震度１
2/26/1994,10:15:58,長野県南部,35°50.9'N,137°32.9'E,10,4.4,震度１
2/25/1994,23:33:49,青森県東方沖,41°06.6'N,142°51.2'E,76,4.8,震度２
2/25/1994,5:33:06,日向灘,32°38.4'N,132°08.6'E,47,3.6,震度１
2/24/1994,22:07:18,北海道南西沖,41°54.4'N,139°21.3'E,24,3.2,震度１
2/20/1994,19:10:27,奄美大島北東沖,29°11.2'N,130°35.7'E,82,4.5,震度１
2/19/1994,11:08:59,紀伊水道,34°11.6'N,135°07.1'E,10,2.7,震度１
2/18/1994,20:02:54,日高地方中部,42°35.6'N,142°34.5'E,107,5,震度３
2/17/1994,1:16:02,石垣島北西沖,25°00.5'N,123°28.8'E,101,4.5,震度２
2/16/1994,22:38:46,紀伊水道,34°09.0'N,135°10.7'E,9,2.6,震度１
2/16/1994,22:38:15,和歌山県北部,34°09.5'N,135°11.0'E,10,2.3,震度１
2/16/1994,17:48:50,岩手県沖,39°04.6'N,142°18.7'E,31,3.6,震度１
2/16/1994,12:38:41,茨城県南部,35°58.1'N,140°06.0'E,79,4.2,震度２
2/16/1994,8:46:11,択捉島南東沖,44°28.0'N,149°09.0'E,47,5.6,震度１
2/16/1994,7:56:48,茨城県北部,36°28.3'N,140°36.8'E,57,3.7,震度２
2/16/1994,5:34:51,岩手県沖,40°23.7'N,142°11.7'E,48,3.6,震度１
2/16/1994,4:55:50,岩手県沖,40°23.3'N,142°11.0'E,47,3.8,震度１
2/16/1994,4:44:22,岩手県沖,40°22.9'N,142°12.2'E,49,4.5,震度１
2/16/1994,2:59:03,鹿児島県薩摩地方,32°05.1'N,130°27.6'E,7,3.4,震度１
2/15/1994,15:10:33,栃木県南部,36°45.0'N,140°12.1'E,119,3.7,震度２
2/15/1994,8:33:31,鹿児島県薩摩地方,32°05.5'N,130°27.7'E,7,3.8,震度１
2/13/1994,21:03:49,鹿児島県薩摩地方,32°05.4'N,130°28.6'E,5,3.8,震度２
2/13/1994,14:16:26,鹿児島県薩摩地方,32°05.3'N,130°28.8'E,5,3.5,震度１
2/13/1994,2:24:32,鹿児島県薩摩地方,32°05.6'N,130°29.4'E,7,3.5,震度１
2/13/1994,2:09:23,鹿児島県薩摩地方,32°04.8'N,130°29.3'E,10,4.3,震度３
2/13/1994,2:06:56,鹿児島県薩摩地方,32°05.1'N,130°29.7'E,5,5.7,震度４
2/12/1994,2:49:49,茨城県沖,35°59.3'N,140°46.8'E,89,4.4,震度２
2/11/1994,8:54:35,三宅島近海,34°09.7'N,139°18.3'E,18,3.5,震度１
2/11/1994,8:46:19,三宅島近海,34°09.4'N,139°20.7'E,18,4.3,震度２
2/11/1994,4:41:29,和歌山県北部,34°05.7'N,135°08.4'E,12,3.7,震度１
2/10/1994,19:48:38,新潟県中越地方,37°18.8'N,138°53.0'E,15,4.3,震度１
2/10/1994,0:52:36,千葉県東方沖,35°22.4'N,140°35.0'E,42,4.4,震度３
2/9/1994,13:45:33,京都府南部,35°08.1'N,135°25.3'E,10,3.5,震度２
2/9/1994,11:58:03,新島・神津島近海,34°13.8'N,139°20.5'E,5,3.8,震度２
2/9/1994,10:35:27,三宅島近海,34°10.3'N,139°20.8'E,15,4,震度３
2/8/1994,18:44:46,三重県南東沖,33°44.4'N,137°28.7'E,361,5.2,震度１
2/8/1994,18:36:38,岩手県沖,40°21.2'N,141°59.8'E,53,3.3,震度１
2/8/1994,18:26:11,八丈島東方沖,33°17.4'N,140°40.8'E,31,3.7,震度１
2/8/1994,10:28:34,熊本県熊本地方,32°56.3'N,130°52.6'E,8,3.5,震度１
2/8/1994,0:14:33,千葉県東方沖,35°23.3'N,140°34.2'E,42,4,震度１
2/5/1994,21:34:59,浦河沖,42°13.0'N,142°24.5'E,36,3.6,震度１
2/5/1994,10:28:00,西表島付近,23°58.8'N,123°35.9'E,35,2.7,震度１
2/5/1994,0:00:01,西表島付近,23°59.0'N,123°35.6'E,29,不明,震度２
2/4/1994,16:00:09,和歌山県北部,34°15.4'N,135°11.0'E,8,1.9,震度１
2/2/1994,7:44:29,与那国島近海,24°57.1'N,122°40.8'E,103,5.2,震度３
2/2/1994,3:45:45,西表島付近,24°32.6'N,123°45.3'E,56,3.5,震度２
2/1/1994,1:58:57,京都府南部,35°14.8'N,135°31.1'E,12,3.2,震度１
1/31/1994,20:10:07,和歌山県北部,33°51.6'N,135°27.9'E,58,4.5,震度２
1/31/1994,19:55:34,新島・神津島近海,34°10.6'N,139°05.2'E,7,2.8,震度３
1/28/1994,7:29:25,日高地方東部,42°14.2'N,142°58.2'E,69,3.8,震度２
1/26/1994,19:03:51,十勝沖,41°40.8'N,143°56.7'E,69,5.4,震度３
1/24/1994,9:34:56,香川県西部,34°04.7'N,133°42.0'E,13,3.2,震度１
1/23/1994,15:43:46,茨城県南部,36°19.5'N,140°04.6'E,77,4.4,震度３
1/23/1994,12:17:01,伊豆半島東方沖,34°59.4'N,139°11.5'E,5,2.6,震度１
1/21/1994,3:48:00,詳細不明,28°23.0'N,129°30.0'E,0,不明,震度１
1/20/1994,14:50:16,台湾付近,24°19.1'N,121°58.0'E,78,5.5,震度２
1/20/1994,9:54:56,宮古島近海,25°00.3'N,124°45.6'E,15,4.2,震度１
1/20/1994,3:47:03,紀伊水道,34°11.3'N,135°07.9'E,7,2.7,震度１
1/20/1994,1:41:00,詳細不明,24°23.0'N,123°45.0'E,0,不明,震度１
1/20/1994,0:44:00,詳細不明,44°22.0'N,141°42.0'E,0,不明,震度１
1/19/1994,11:04:28,千葉県南部,34°57.3'N,139°49.9'E,52,3.1,震度２
1/19/1994,3:10:27,福島県沖,37°40.7'N,141°40.2'E,79,4.2,震度１
1/18/1994,4:11:00,詳細不明,24°23.0'N,123°45.0'E,0,不明,震度１
1/18/1994,4:10:00,詳細不明,24°23.0'N,123°45.0'E,0,不明,震度１
1/18/1994,3:55:00,詳細不明,24°23.0'N,123°45.0'E,0,不明,震度１
1/18/1994,3:14:00,詳細不明,24°23.0'N,123°45.0'E,0,不明,震度２
1/18/1994,3:09:37,西表島付近,24°24.9'N,123°46.7'E,0,1.1,震度３
1/18/1994,2:52:00,詳細不明,24°23.0'N,123°45.0'E,0,不明,震度２
1/18/1994,2:49:29,西表島付近,24°24.3'N,123°46.3'E,0,1.7,震度３
1/17/1994,16:19:44,石垣島北西沖,25°03.8'N,123°02.3'E,104,5.1,震度２
1/15/1994,3:21:01,十勝沖,41°54.1'N,143°21.6'E,54,3.8,震度１
1/14/1994,4:42:42,日高地方中部,42°16.7'N,142°30.8'E,52,3.9,震度１
1/12/1994,10:00:23,種子島南東沖,30°24.6'N,131°44.0'E,53,4.9,震度１
1/11/1994,6:12:34,北海道南西沖,42°21.6'N,138°52.5'E,36,3.2,震度１
1/8/1994,10:05:31,西表島付近,24°23.4'N,123°28.8'E,20,2.2,震度１
1/8/1994,9:28:32,和歌山県北部,34°15.8'N,135°13.6'E,8,1.9,震度１
1/8/1994,3:33:10,北海道南西沖,42°06.5'N,139°30.1'E,2,2.3,震度１
1/7/1994,9:00:44,北海道南西沖,42°20.5'N,138°54.7'E,39,3.8,震度１
1/5/1994,15:43:37,長崎県島原半島,32°43.2'N,130°17.1'E,0,1.9,震度１
1/5/1994,10:33:00,詳細不明,24°23.0'N,123°45.0'E,0,不明,震度１
1/5/1994,10:30:17,長崎県島原半島,32°43.4'N,130°16.0'E,1,2.6,震度１
1/5/1994,4:58:50,浦河沖,42°05.0'N,142°32.4'E,71,4.4,震度２
1/4/1994,23:32:37,長崎県島原半島,32°47.0'N,130°17.0'E,0,2.5,震度１
1/4/1994,22:20:05,山梨県東部・富士五湖,35°30.1'N,138°59.1'E,21,1.3,震度１
1/4/1994,15:49:46,北海道南西沖,42°12.9'N,139°07.4'E,24,3.8,震度２
1/4/1994,15:47:01,長崎県島原半島,32°44.3'N,130°16.4'E,1,2.5,震度１
1/4/1994,15:46:54,伊豆大島近海,34°56.2'N,139°42.9'E,96,3.9,震度１
1/4/1994,8:36:57,長崎県島原半島,32°44.6'N,130°16.3'E,0,2.5,震度１
1/4/1994,5:41:25,北海道南西沖,41°49.5'N,139°13.1'E,19,3.8,震度２
1/4/1994,5:32:10,長崎県島原半島,32°44.6'N,130°17.0'E,0,2.5,震度１
1/4/1994,0:07:21,長崎県島原半島,32°44.0'N,130°17.3'E,2,2.5,震度１
1/3/1994,21:14:19,長崎県島原半島,32°43.0'N,130°17.3'E,1,2.6,震度１
1/3/1994,15:18:13,長崎県島原半島,32°44.5'N,130°17.2'E,1,2.2,震度１
1/3/1994,13:50:39,長崎県島原半島,32°43.6'N,130°17.5'E,2,2.5,震度１
1/3/1994,10:28:24,長崎県島原半島,32°43.4'N,130°17.9'E,0,2.6,震度１
1/3/1994,1:05:53,長崎県島原半島,32°42.5'N,130°16.6'E,0,2.3,震度１
1/2/1994,22:26:50,長崎県島原半島,32°44.2'N,130°17.5'E,3,1.7,震度１
1/2/1994,21:55:27,長崎県島原半島,32°44.4'N,130°17.2'E,0,2.6,震度１
1/2/1994,13:11:36,長崎県島原半島,32°44.0'N,130°17.0'E,0,2.3,震度１
1/2/1994,11:13:00,長崎県島原半島,32°47.1'N,130°16.1'E,0,2.4,震度１
1/2/1994,6:02:18,長崎県島原半島,32°45.1'N,130°17.6'E,2,1.5,震度１
1/2/1994,4:52:24,長崎県島原半島,32°44.2'N,130°16.4'E,1,2.3,震度１
1/2/1994,2:57:51,長崎県島原半島,32°46.6'N,130°15.5'E,0,2.8,震度１
1/1/1994,22:39:24,長崎県島原半島,32°43.6'N,130°17.9'E,1,2.4,震度１
1/1/1994,20:03:19,長崎県島原半島,32°45.8'N,130°15.5'E,0,2.4,震度１
1/1/1994,17:35:59,長崎県島原半島,32°45.1'N,130°16.5'E,0,2.6,震度１
1/1/1994,14:42:59,青森県東方沖,40°50.8'N,141°55.5'E,65,3.6,震度２
1/1/1994,14:20:29,長崎県島原半島,32°43.8'N,130°18.4'E,2,2.3,震度１
1/1/1994,10:53:55,長崎県島原半島,32°47.4'N,130°16.4'E,0,2.4,震度１
1/1/1994,5:48:11,長崎県島原半島,32°44.3'N,130°17.4'E,0,2.1,震度１
1/1/1994,5:22:19,長野県中部,36°20.5'N,137°39.0'E,5,4.6,震度１
1/1/1994,3:55:23,長崎県島原半島,32°43.4'N,130°16.7'E,0,2.4,震度１
1/1/1994,3:02:11,浦河沖,41°59.5'N,142°32.9'E,64,3.9,震度１
1/1/1994,0:43:30,長崎県島原半島,32°44.4'N,130°17.1'E,1,1.7,震度１
